<?xml version="1.0" encoding="UTF-8"?>
<project-private xmlns="http://www.netbeans.org/ns/project-private/1">
    <editor-bookmarks xmlns="http://www.netbeans.org/ns/editor-bookmarks/2" lastBookmarkId="0"/>
    <open-files xmlns="http://www.netbeans.org/ns/projectui-open-files/2">
        <group>
            <file>file:/E:/Cours/Cours/M1/S2/BD/Projet_BDM/Projet_BDM/src/interfaces/DlgAffichePreuveImage.java</file>
            <file>file:/E:/Cours/Cours/M1/S2/BD/Projet_BDM/Projet_BDM/src/interfaces/DlgAjoutTemoignage.java</file>
            <file>file:/E:/Cours/Cours/M1/S2/BD/Projet_BDM/Projet_BDM/src/interfaces/DlgAjoutPreuve.java</file>
            <file>file:/E:/Cours/Cours/M1/S2/BD/Projet_BDM/Projet_BDM/src/interfaces/DlgRechercheTemoignages.java</file>
            <file>file:/E:/Cours/Cours/M1/S2/BD/Projet_BDM/Projet_BDM/src/interfaces/DlgAffichePersonne.java</file>
            <file>file:/E:/Cours/Cours/M1/S2/BD/Projet_BDM/Projet_BDM/src/interfaces/DlgAfficheEnquete.java</file>
            <file>file:/E:/Cours/Cours/M1/S2/BD/Projet_BDM/Projet_BDM/src/interfaces/DlgAjoutPersonne.java</file>
            <file>file:/E:/Cours/Cours/M1/S2/BD/Projet_BDM/Projet_BDM/src/interfaces/DlgAfficheEnqueteur.java</file>
            <file>file:/E:/Cours/Cours/M1/S2/BD/Projet_BDM/Projet_BDM/src/interfaces/DlgComparaisonImages.java</file>
            <file>file:/E:/Cours/Cours/M1/S2/BD/Projet_BDM/Projet_BDM/src/interfaces/DlgEnqueteurs.java</file>
            <file>file:/E:/Cours/Cours/M1/S2/BD/Projet_BDM/Projet_BDM/src/interfaces/DlgAfficheTemoignage.java</file>
            <file>file:/E:/Cours/Cours/M1/S2/BD/Projet_BDM/Projet_BDM/src/interfaces/DlgAfficheSuspect.java</file>
            <file>file:/E:/Cours/Cours/M1/S2/BD/Projet_BDM/Projet_BDM/src/interfaces/Menu.java</file>
            <file>file:/E:/Cours/Cours/M1/S2/BD/Projet_BDM/Projet_BDM/src/interfaces/DlgAjoutCrime.java</file>
            <file>file:/E:/Cours/Cours/M1/S2/BD/Projet_BDM/Projet_BDM/src/mapping/Personne.java</file>
            <file>file:/E:/Cours/Cours/M1/S2/BD/Projet_BDM/Projet_BDM/src/interfaces/DlgPersonnes.java</file>
        </group>
    </open-files>
</project-private>
